,Bairro,Distrito
0,Jardim Paraná,Brasilândia
1,Jardim do Centro,Parelheiros
2,Vila Rosin,Casa Verde
3,Vila Morgadouro,Itaim Paulista
4,Vila Cleonice,São Lucas
5,Balneário Mar Paulista,Pedreira
6,Parque Malagoli,Rio Pequeno
7,Várzea de Baixo,Santo Amaro
8,Vila Roschel,Parelheiros
9,Vila Nova Pirajussara,Campo Limpo
10,Núcleo Residencial São João,Iguatemi
11,Parque Luís Mucciolo,Jardim Ângela
12,Retiro Morumbi,Vila Andrade
13,Jardim Elba,Sapopemba
14,Jardim Ampliação,Vila Andrade
15,Cidade D’Abril,Jaraguá
16,Parque Nações Unidas,Jaraguá
18,São Miguel,São Mateus
19,Vila Klaunig,Itaquera
20,Jardim Selma,Pedreira
21,Jardim Íris,Pirituba
22,Conjunto Habitacional Juscelino Kubitschek,Guaianases
23,Vila Natal,Grajaú
24,Jardim Laranjal,Campo Limpo
25,Jardim Brígida,Lajeado
26,Residencial Palmares,Grajaú
27,Parque Maria Domitila,São Domingos
28,Jardim Presidente,Cidade Dutra
29,Jardim do Divino,Guaianases
30,Vila Cosmopolita,Guaianases
31,Vila Prima,Ponte Rasa
32,Chácara Gaivotas,Grajaú
33,Cidade Bandeirantes,Butantã
34,Vila Emir,Campo Grande
35,Jardim Fonte do Morumbi,Vila Andrade
37,Jardim Verônica,Cangaíba
38,Jardim Carlu,Mandaqui
39,Jardim Dona Deolinda,Lajeado
40,Parque Europa,Jardim São Luís
41,Vila Eulália,Ipiranga
42,Conjunto HabitacionalVila Nova Cachoeirinha,Cachoeirinha
43,Recanto Verde do Sol,Iguatemi
44,Vila Fazzione,Capão Redondo
45,Vila Pedra Branca,Mandaqui
46,Vila das Mercês,Sacomã
47,Jardim Casa Grande,Parelheiros
48,Vila Anglo Brasileira,Perdizes
49,Jardim do Lago,Rio Pequeno
50,Jardim Erpim,Parelheiros
51,Vila Alzira,Aricanduva
52,Jardim Alvorada,Grajaú
55,Conjunto Promorar São Luís,Jardim São Luís
56,Vila Antônio dos Santos,Jardim Ângela
57,Parque Ligia,Capão Redondo
58,Chácara Santa Amélia,Parque do Carmo
59,Jardim Popular,Ponte Rasa
60,Vila Císper,Cangaíba
61,Conjunto Promorar Vila Maria,Vila Maria
62,Jardim Camboré,Vila Sônia
63,Vila Stela,Ponte Rasa
64,Jardim Itapura,Pedreira
65,Brasilândia,Brasilândia
66,Jardim Santa Filomena,Vila Sônia
67,Campo Grande,Campo Grande
68,Vila Giordano,São Mateus
70,Sítio Itaberaba II,Cidade Dutra
71,Conjunto Residencial Ingai,Pedreira
72,Vila São Jorge,Cangaíba
73,Conjunto Residencial Salvador Tolezani,Cidade Dutra
74,Parque São Paulo,Grajaú
75,Vila Ribeiro de Barros,Água Rasa
77,Parque Planalto,Grajaú
78,Jardim Carmen Verônica,Santana
79,Sitio Figueiras do Rio Bonito,Cidade Dutra
80,Jardim Ubirajara,Lajeado
83,Vila Maria Trindade,Pirituba
84,Jardim Guedala,Morumbi
85,Jardim Mitsutani,Campo Limpo
86,Vila Paulo Silas,São Lucas
87,Cidade Dutra,Cidade Dutra
88,Jardim do Alto,Cidade Dutra
89,Vila Caraguatá,Sacomã
90,Vila Azevedo,Tatuapé
91,Burgo Paulista,Ponte Rasa
92,Jardim Barreira Grande,Aricanduva
93,Jardim Textil,Vila Formosa
94,Jardim Santo Antoninho,Cidade Ademar
95,Jardim Malba,Mandaqui
96,Vila Lajeado,Jaguaré
97,Vila Liviero,Sacomã
98,Jardim Joana D’Arc,Tremembé
99,Praia Paulistinha,Cidade Dutra
100,Núcleo Lajeado,Lajeado
101,Jardim Sagrado Coração,Capão Redondo
102,Vila Curuçá Nova,Vila Curuçá
103,Vila Represa,Cidade Dutra
104,Jardim Ruth,Vila Jacuí
105,Vila Ema,São Lucas
106,Jardim República,Cidade Dutra
107,Capela da Lagoa,Jaraguá
108,Jaguara,Jaguara
109,Praias Paulistanas,Parelheiros
110,Jardim Pícolo,Mandaqui
111,Jardim Marilia,Cidade Líder
112,Sítio do Morro,Limão
113,Parque do Castelo,Cidade Dutra
114,Chácara do Sol,Grajaú
115,Jardim Bandeirantes,Jaraguá
116,Jardim Boa Vista,Jardim São Luís
118,Jardim Paulo Afonso,Parelheiros
119,Vila Zefira,Guaianases
120,Jardim Ademar,Butantã
121,Barreira Grande,Sapopemba
122,Vila Nhocuné,Artur Alvim
123,Parque Mandi,Freguesia do Ó
124,Vila Cunha Bueno,São Lucas
125,Vila Timóteo,Freguesia do Ó
126,Parque Boturussu,Ermelino Matarazzo
127,Jardim Belaura,Jaguara
128,Jardim Ingá,Campo Limpo
129,Vila Pereira Barreto,Pirituba
130,Jardim Roschel,Parelheiros
131,Jardim Letícia,Jardim São Luís
132,Casa Grande,Parelheiros
133,Parque Novo Lar,Jardim Ângela
134,Parque Fernanda,Capão Redondo
135,Paiol Velho,Parelheiros
136,Vila Marari,Cidade Ademar
137,Jardim Rubini,Raposo Tavares
138,Vila Gouveia,Casa Verde
139,Inocoop,Butantã
140,Belém,Belém
141,Mastrocola,Itaquera
142,Vila Barreto,Pirituba
143,Parque D’Abril,Vila Curuçá
144,Sumaré,Perdizes
145,Jardim Nilson,Vila Sônia
146,Parque Central,Guaianases
147,Jardim Ernestina,Campo Grande
148,Jardim Porteira Grande,Sapopemba
149,Vila Nogueira,Alto de Pinheiros
150,Jardim Imperial,Rio Pequeno
151,Vila Yara,Freguesia do Ó
152,Chácara Cuoco,Vila Guilherme
153,Jardim Irapiranga,Capão Redondo
154,Jardim Manacás,Perus
155,Jardim Progresso,Itaim Paulista
156,Jardim Guaianases,Lajeado
157,Jardim Myrna,Grajaú
158,Jardim São Savério,Sacomã
159,Jardim dos Cataldis,Rio Pequeno
160,Conjunto Residencial Sabará,Campo Grande
161,Vila IVG,Jardim Ângela
162,Vila Ivone,São Lucas
163,Vila Guilherme,Vila Guilherme
164,Vila Margarida,São Lucas
165,Jardim Angelina,Cidade Dutra
166,Chácara Califórnia,Carrão
167,Jardim Etelvina,Lajeado
168,Vila Andrade,Vila Andrade
169,Jardim Danúbio Azul,São Mateus
170,Sítio Barrocada,Tremembé
171,Jardim Portal I e II,Tremembé
172,Jardim Santo Antônio,Vila Curuçá
175,Vila da Paz,Cidade Dutra
176,Jardim das Pedras,Grajaú
178,Cidade Nova Heliópolis,Sacomã
179,Jardim Varginha,Grajaú
180,Jardim Maristela,Sacomã
182,Chácara São João,Jaçanã
184,Jardim Cangaíba,Cangaíba
185,Jardim Cecy,Cachoeirinha
186,Vila Baruel,Casa Verde
187,Vila Robertina,Ermelino Matarazzo
188,Vila Siciliano,Santana
189,Conjunto Residencial Flávia,Cidade Dutra
190,Moema,Moema
191,Jardim Atibaia,Alto de Pinheiros
192,Jardim Cotching,Aricanduva
193,Vila Hilda,Cangaíba
194,Vila Jaguari,São Domingos
195,Jardim Itapema,Cidade Líder
196,Jardim Naufal,Itaquera
197,Vila Bela Vista,Cachoeirinha
199,Vila Vermelha,Sacomã
200,Vila Carlos de Campos,Penha
201,Vila Mascote,Jabaquara
202,Jardim da Saúde,Cursino
203,Vila Claudia,Água Rasa
204,Jardim Leblon,Cidade Dutra
205,Parque Munhoz,Campo Limpo
206,Vila Fiat Lux,São Domingos
207,Vila Barbosa,Limão
208,Pedreira,Pedreira
209,Chácara das Corujas,Grajaú
210,Santa Teresinha,Santana
211,Conjunto Habitacional Marechal Mascarenhas de Morais,Sapopemba
212,Vila Carrão,Carrão
213,Vila Nova Esperança,Parelheiros
214,Jardim Faria Lima,Campo Limpo
215,Chácara Maria Trindade,Perus
216,Itaim Bibi,Itaim Bibi
217,Jardim Guança,Vila Medeiros
218,Vila Santa Terezinha,José Bonifácio
219,Conjunto Promorar Rio Claro,São Rafael
220,Vila Elisabete,Freguesia do Ó
221,Jardim Tropical,Sacomã
223,Jardim São Paulo,Lajeado
226,Santa Inês,Mandaqui
227,Pari,Pari
228,Rio Pequeno,Rio Pequeno
229,Castro Alves,Cidade Tiradentes
230,Vila Babilônia,Jabaquara
231,Vila Paranaguá,Ermelino Matarazzo
232,Vila Anastácio,Lapa
233,Jardim Marquesa,Jardim São Luís
234,Vila Pires,Vila Sônia
235,Jardim Marisa,Grajaú
237,Parque Residencial D’Abril,Vila Curuçá
238,Vila Ayrosa,Tremembé
239,Parque Savoy City,Cidade Líder
240,Jardim Miragaia,Itaim Paulista
241,Jardim Filhos da Terra,Tremembé
242,Vila Aurea,Guaianases
243,Vila Brasil,Campo Limpo
249,Jardim Casa Pintada,Vila Jacuí
250,Vila Sabrina,Vila Medeiros
251,Jardim Maria Virgínia,Campo Limpo
252,Jardim Santa Bárbara,Grajaú
253,Campininha,Campo Grande
254,Jardim Dom Fernando,Jardim Helena
255,Vila São Camilo,Vila Medeiros
256,Vila Elísio,Sacomã
257,Conjunto Habitacional Pirajussara,Capão Redondo
258,Vila Monumento,Ipiranga
259,Engenheiro Marsilac,Marsilac
260,Jardim Ivete,José Bonifácio
261,Vila Industrial,São Lucas
262,Jardim Maria Lídia,Iguatemi
263,Vila Amélia,Mandaqui
264,Vila Nova Parada,Jaraguá
265,Parque Jabaquara,Jabaquara
266,City Jaraguá,Jaraguá
267,Jardim Caguaçú,Aricanduva
268,Jardim Gonzaga,Cangaíba
269,Parque dos Príncipes,Rio Pequeno
270,Vila Nova Perus,Perus
271,Vila Caiúba,Perus
272,Parque dos Bancários,Jardim Ângela
273,Cidade São Mateus,São Mateus
274,Socorro Veleiros,Socorro
275,Chácaras Lago Grande,Parelheiros
276,Boaçava,Alto de Pinheiros
277,Jardim Vale das Virtudes,Capão Redondo
278,Cidade Domitila,Jabaquara
279,Vila Morro Grande,Freguesia do Ó
280,Vila Princesa Isabel,Guaianases
281,Parque Industrial,Vila Curuçá
282,Jardim Penha,Cangaíba
283,Vila Munhoz,Vila Guilherme
284,Parque Santo Antonio,Jardim São Luís
285,Vila Alabama,Itaim Paulista
286,Vila dos Palmares,Anhanguera
287,Jardim Augusto,Iguatemi
288,Santa Etelvina Metalúrgicos,Cidade Tiradentes
289,Vila Perus,Perus
290,Jardim Pinheiros,Butantã
291,Jardim Caravelas,Santo Amaro
292,Morro Dos Ingleses,Bela Vista
293,Jardim Grimaldi,Sapopemba
294,Jardim Maggi,Pirituba
295,Jardim Santa Gertrudes,Jardim São Luís
296,Recanto Campo Belo,Parelheiros
297,Jardim Guarapiranga,Socorro
298,Jardim Umarizal,Campo Limpo
299,Vila Heliópolis,Sacomã
300,Jardim Seckler,Sacomã
301,Conjunto Residencial Paraíso,Anhanguera
302,Chora Menino,Santana
303,Bela Vista,Bela Vista
304,Jardim Peri,Cachoeirinha
305,Jardim Artur Alvim,Artur Alvim
306,Jardim Catarina,Aricanduva
307,Vila Macedópolis,São Lucas
309,Jardim Fluminense,Jardim Helena
310,Jardim Nizia,Cidade Dutra
311,Jardim Kerlakian,Tucuruvi
312,Jardim das Oliveiras,Itaim Paulista
314,Vila das Palmeiras,Pirituba
315,Jardim Ivana,Rio Pequeno
316,Vila Germaine,Penha
317,Vila Alois,Vila Prudente
318,Vila Vanda: Jardim São Bento,Casa Verde
319,Parque Ibirapuera,Moema
320,Vila Rute,Vila Sônia
321,Vila Maria Alta,Vila Maria
322,Parque das Árvores,Cidade Dutra
323,Vila Hebe,Freguesia do Ó
324,Conjunto Lar Nacional,Sapopemba
325,São Lucas,São Lucas
326,Vila dos Andrades,Cachoeirinha
327,Vila Uberabinha,Moema
328,Jardim Líbano,Pirituba
329,Vila Clementino,Vila Mariana
330,Vila Nova Galvão,Jaçanã
331,Parada Cinquenta e Sete,Grajaú
332,Parque Amazonas,Parelheiros
333,Jardim das Fontes,Parelheiros
334,Itatinga,Pedreira
335,Sítio Caraguata,Sacomã
336,Marco,Brás
337,Jardim Guacuri,Pedreira
338,Jardim São Roberto,Jardim Ângela
339,Jardim Cabuçu,Jaçanã
340,Jardim Sônia,Cidade Ademar
341,Jardim Dalmo,Itaim Paulista
342,Vila São Nicolau,São Lucas
343,Vila Olga,Vila Sônia
344,Jardins,Pinheiros
345,Vila Fazzeoni,Capão Redondo
346,Jardim Imperador,Sacomã
348,Cohab Educandário,Raposo Tavares
349,Jardim Santo Alberto,Tremembé
350,Jardim Leni,Jardim São Luís
351,Vila Suiça,Itaquera
352,Fazenda do Carmo,José Bonifácio
353,Planalto Paulista,Saúde
354,Vila Clotilde,Água Rasa
355,Jardim Ramala,Parelheiros
356,Vila Eleonora,Jaguara
357,Clube Campestre de São Paulo,Marsilac
358,Vila Nova,Jardim Ângela
359,Jardim Alfredo,Jardim São Luís
360,Jardim Bandeirante,São Rafael
361,Hipódromo,Mooca
362,Parque Edu Chaves,Jaçanã
363,Vila Tolstoi,Jardim Ângela
364,Jardim França,Tucuruvi
365,Loteamento Santana do Agreste,Itaim Paulista
366,Vila Mangalot,São Domingos
367,Jardim Orbam,Grajaú
368,Jardim Pouso Alegre,Cidade Dutra
369,Inácio Monteiro,Cidade Tiradentes
370,Vila Marieta,Tremembé
372,Jardim Maria Sampaio,Campo Limpo
373,Jardim Campo Grande,Campo Grande
374,Conjunto Residencial Butantã,Butantã
375,Vila Santa Lúcia,Ponte Rasa
376,Jardim São Domingos,Guaianases
378,Jardim Leonardo,Jardim São Luís
379,Sítio Cocaia,Grajaú
380,Recanto Monte Alegre,Pirituba
381,Vila Caju,Ponte Rasa
382,Vila Santo Estevam Reis.,Jaraguá
383,Vila Júlio,Jardim Ângela
384,Parque do Terceiro Lago,Parelheiros
385,Vila Babi,Pedreira
386,Jardim Universidade Pinheiros,Pinheiros
387,Vila Conde do Pinhal,Sacomã
388,Jardim Vila Carrão,São Rafael
389,Vila Bertioga,Água Rasa
390,Cachoeirinha,Cachoeirinha
391,Jardim Califórnia,Rio Pequeno
393,Jardim Planalto,Grajaú
396,Jardim dos Bichinhos,Cidade Dutra
397,Vila Natália,Sacomã
398,Jardim Ibiratiba,Tremembé
399,Vila Olímpia,Itaim Bibi
400,Jardim Haddad,Água Rasa
401,Vila dos Andradas,Pedreira
402,Jardim Heloísa,Vila Curuçá
404,Jardim Alto Pedroso,São Mateus
405,Jardim Noronha,Grajaú
406,Siciliano,Lapa
407,Chácara Bosque do SulChácara da Enseada,Parelheiros
408,Jardim Ponte Rasa,Ponte Rasa
409,Jardim Eliana,Grajaú
410,Vila Yolanda,Cidade Tiradentes
411,Jardim Morro Verde,Vila Sônia
412,Vila Pompéia,Perdizes
413,Jardim Taquaral,Campo Grande
414,Jardim Mendes Gaia,Jabaquara
415,Jardim Suzana,Socorro
416,Parque Bandeirantes,Pedreira
417,Jardim Batalha,Raposo Tavares
418,Jardim Icaraí,Grajaú
419,Jardim Marina,Artur Alvim
420,Bixiga,Bela Vista
421,Jardim Novo Mundo,Moema
422,Jardim Vilma,Itaim Paulista
423,Vila Catupia,Pirituba
424,Jardim Itália,Água Rasa
425,Jardim Raposo Tavares,Raposo Tavares
426,Jardim Cruzeiro,Cidade Dutra
427,Jardim Iguaçu,Sapopemba
428,Super Quadra Morumbi,Vila Sônia
429,Alto da Mooca,Água Rasa
430,Vila Diana,Cidade Dutra
431,Vila Morais Prado,Grajaú
432,Vila Ester,São Rafael
433,Consolação,Consolação
434,Jardim Novo Jaú,Grajaú
435,Vila Rosina,Capão Redondo
436,Profeta Geremias,Cidade Tiradentes
437,Jardim São Sebastião,São Mateus
439,Casa Verde,Casa Verde
440,Jardim Anchieta,Jabaquara
441,Barro Branco,Cidade Tiradentes
443,Vila Nova União,Vila Jacuí
444,Copacabana,Jardim São Luís
445,Jardim Martins Silva,Tremembé
446,Vila Lório,Freguesia do Ó
447,Jardim Morumbi,Morumbi
448,Vila Talarico,Vila Matilde
449,Jardim Arco-íris,Grajaú
450,Parque Atlântico,Cidade Dutra
451,Vila Piauí,Perdizes
453,Jardim Campo Limpo,Campo Limpo
455,Jardim Domitila,Pedreira
456,Vila Lúcia Elvira,Água Rasa
457,Vila Patrimonial,Cidade Ademar
458,Jardim Toca,Cidade Dutra
459,Vila Nova Teresa,Ermelino Matarazzo
460,Jardim Nelson,Jaçanã
461,Vila Jussara,Itaquera
462,Jardim Escócia,Anhanguera
463,Fazenda Itaim,Itaim Paulista
464,Vila Vessoni,São Mateus
466,Vila Campanela,Itaquera
468,Cohab Raposo Tavares,Raposo Tavares
469,Jardim Ymay,Jardim São Luís
470,Conjunto Residencial José Bonifácio,José Bonifácio
471,Jardim Peri Peri,Vila Sônia
473,Jardim Mabel,Itaim Paulista
474,Jardim das Rosas,Capão Redondo
478,Jardim Nova Carrão,Aricanduva
479,Jardim Lago,Raposo Tavares
480,Jardim Petrópolis,Santo Amaro
481,Vila Firmiano Pinto,Ipiranga
482,Jardim Botucatu,Sacomã
483,Parque Bela Vista,Artur Alvim
484,Jardim América,Jardim Paulista
485,Jardim Amélia,Cidade Dutra
486,Penha,Penha
487,Instituto de Previdência,Butantã
488,Jardim Adelfiore,Perus
489,Recanto Anastácio,Pirituba
490,Jardim Rubilene,Pedreira
491,Vila Franci,Cangaíba
492,Jardim Santo Elias,São Domingos
493,Jardim Aurora,Itaquera
495,Vila Rufino,Cangaíba
496,Jardim Bom Pastor,Capão Redondo
497,Jardim Casablanca,Jardim São Luís
498,Jardim Belém,Ermelino Matarazzo
499,Chácara do Piqueri,Tatuapé
500,Jardim Robru,Vila Curuçá
501,Vila Darli,São Lucas
502,Jardim dos Álamos,Parelheiros
503,Cursino,Cursino
504,Jardim Cotiana,Sapopemba
505,Jardim Galli,Aricanduva
506,Jardim Sílvia,Itaim Paulista
507,Vila Moraes,Cursino
508,Jardim São Judas Tadeu,Grajaú
509,Vila Constância,Vila Medeiros
511,Jardim Grauna,Cidade Dutra
512,Vila Prudente,Vila Prudente
513,Cidade Centenário,São Mateus
514,Parque Cruzeiro do Sul,Aricanduva
515,Jardim Edda,Grajaú
516,Jardim Iva,Sapopemba
518,Vila Morro Alto,Limão
519,Bariri,Vila Guilherme
520,Eldorado,Pedreira
521,Morro da Pólvora,Cambuci
522,Jardim Rosina,Vila Curuçá
523,Vila Maria Baixa,Vila Maria
524,Balneário São José,Parelheiros
525,Vila Antonieta,Aricanduva
526,Parque do Engenho,Capão Redondo
527,Vila Celeste,Água Rasa
528,Jardim Fim de Semana,Jardim São Luís
529,Parque Fongaro,Sacomã
530,Vila Fátima,Jardim Ângela
531,Jardim das Vertentes,Vila Sônia
532,Jardim Vera Cruz,Parelheiros
535,Jardim Brasília,Jaraguá
537,Vila Paulista,Jabaquara
539,Jardim Luso,Cidade Ademar
540,Chácara Santo Antônio,Carrão
542,Cidade Jardim,Morumbi
543,Parque Deizy,Grajaú
544,Jardim Aurea,Guaianases
545,Vila Sara,Aricanduva
546,Chácara Figueira Grande,Jardim São Luís
547,Jardim Nazareth,Vila Curuçá
548,Jardim Castro Alves,Grajaú
549,Vila Pedroso,São Mateus
551,Jardim Sabiá,Grajaú
553,Jardim Mazza,Jardim São Luís
554,Vila Nivi,Tucuruvi
555,Jardim Farah,Rio Pequeno
556,Jardim Centenário,Rio Pequeno
557,Carandiru,Vila Guilherme
558,Vila Leonor,Vila Guilherme
559,Guapira,Jaçanã
560,Vila Caxambu,Itaquera
561,Jardim Virginia,Mandaqui
562,Vila Sartório,Cangaíba
563,Jardim Ícara,Cidade Dutra
564,Chácara Cruzeiro do Sul,Cangaíba
565,Vila Congonhas,Campo Belo
566,Jardim dona Sinhá,Sapopemba
567,Parque Grajaú,Grajaú
568,Vila Praia,Vila Sônia
569,Jardim Umuarama,Campo Limpo
571,Vila Ana Cláudia,Parque do Carmo
572,Jardim das Bandeiras,Pinheiros
573,Vila Joaniza,Cidade Ademar
574,Londrina,Ponte Rasa
575,Vila Santa Catarina,Cidade Ademar
578,Jardim Iporanga,Cidade Dutra
579,Jardim dos Pereiras,Cidade Tiradentes
580,Parque Arariba,Campo Limpo
581,Jardim Cristina,Tremembé
582,Jardim Guapira,Tremembé
583,Tucuruvi,Tucuruvi
584,Vila Arapuã,Sacomã
585,Parque Shangrilá,Grajaú
586,Vila Água Funda,Cursino
587,Vila Vergueiro,Sacomã
588,Jardim Paulista,Jardim Paulista
589,Vila América,Campo Limpo
590,Jardim Sandra Maria,Tremembé
591,Jardim Leonor Mendes de Barros,Tucuruvi
592,Jardim Celeste,Sacomã
594,Sítio Botuquara,Perus
595,Jardim Fonte São Miguel,Ponte Rasa
596,Jardim Virginia Bianca,Tremembé
597,Vila Nancy,Lajeado
598,Jardim São Francisco,São Rafael
600,Jardim Tomas,Jardim São Luís
601,Vila Isolina Mazzei,Vila Guilherme
602,Jardim dos Lagos,Socorro
603,Vila Eutália,Vila Matilde
604,Vila Zilda,Tremembé
606,Jardim Itajaí,Grajaú
607,Vila São Paulo,Cidade Ademar
608,Parque Novo Grajaú,Grajaú
609,Pedra Branca,Mandaqui
610,Praia da Lagoa,Jardim São Luís
611,Cohab Monet,Capão Redondo
612,Jardim Aida,Limão
613,Vila Campo Grande,Campo Grande
614,Parada Inglesa,Tucuruvi
615,Cidade Júlia,Cidade Ademar
616,Vila Regente Feijó,Água Rasa
617,Vila Plana,Vila Andrade
618,Vila Ursulina,Itaquera
620,Jardim Wilma Flor,Cidade Tiradentes
621,Vila São Domingos,Rio Pequeno
622,Vila Sapopemba,Jardim Ângela
623,Jardim Real,Socorro
624,Vila Independência,Ipiranga
625,Vila Tiradentes,Rio Pequeno
626,Vila Guilhermina,Vila Matilde
627,Fazenda da Juta,Sapopemba
628,Vila Rubi,Cidade Dutra
629,Jardim Comercial,Capão Redondo
630,Jardim Monte Alegre,Grajaú
632,Parque Penha,Ponte Rasa
633,Vila Jaguara,Jaguara
634,Jardim São Paulo Velho,Guaianases
635,Parque Souza Aranha,Casa Verde
636,Vila Guaca,Mandaqui
637,Granja Julieta,Santo Amaro
638,Jardim Martini,Cidade Ademar
639,Conjunto Jova Rural,Jaçanã
640,Vila Escolar,Itaim Paulista
641,Jardim Guarani,Brasilândia
642,Jardim Japão,Vila Maria
643,Vila Sérgio,Itaim Paulista
644,Chácara Nossa Senhora do Bom Conselho,Jardim São Luís
645,Jardim Liar,Sacomã
646,Santana,Santana
647,Cidade Popular,Guaianases
648,Jardim Meliunas,Itaim Paulista
649,Parque São Domingos,São Domingos
650,Parque Esperança,Anhanguera
651,Jardim Almeida,Parelheiros
652,Jardim Maria Borba,Parelheiros
653,Vila Carmem,Campo Belo
654,Chácara Inglesa,Pirituba
656,Vila Centenário,Penha
657,Vila Dinorah,Rio Pequeno
658,Sé,Sé
659,Jardim Hadad,Vila Prudente
660,Limão,Limão
661,Vila Xavantes,São Mateus
663,Jardim Odete,Rio Pequeno
664,Vila Divina Pastora,São Lucas
665,Raposo Tavares,Raposo Tavares
666,Capão do Embira,Vila Formosa
667,Vila Germinal,Tremembé
668,Jardim Ibéria,Casa Verde
669,Jardim Jeriva,Capão Redondo
670,Jardim Tango,Aricanduva
671,Jardim Bela Vista,Freguesia do Ó
673,Jardim Yara,Tremembé
674,Ibirapuera,Moema
675,Vila Inácio,Perus
676,Chácara Monte Sol,Cidade Dutra
677,Jardim Santa Emília,Sacomã
678,União de Vila Nova,São Miguel Paulista
679,Higienópolis,Consolação
680,Jardim Iae,Capão Redondo
681,Setor G,Cidade Tiradentes
682,Jardim Esmeralda,Rio Pequeno
684,Jardim Guairacá,São Lucas
685,Vila Constança,Jaçanã
686,Jardim Campo dos Ferreiros,Capão Redondo
687,Engenheiro Trindade,Penha
688,Vila Laís,Penha
689,Cidade Universitária,Butantã
690,Jardim Iporã,Parelheiros
691,Jardim ngela,Sapopemba
692,Parque Esmeralda,Campo Limpo
693,Jardim Irene,Capão Redondo
695,Conjunto Jaú,Sapopemba
696,Vila Rui Barbosa,Cangaíba
697,Vila Fernandes,Carrão
698,Vila União,Freguesia do Ó
701,Vila dos Minérios,São Lucas
702,Aclimação,Liberdade
703,Jardim Mariliza,Freguesia do Ó
704,Artur Alvim,Artur Alvim
705,Vila Luzimar,Itaim Paulista
706,Jardim Maringá,Vila Matilde
708,Jardim Oriental,Jabaquara
710,Jardim D’Abril,Rio Pequeno
711,Jardim Pantanal,Ermelino Matarazzo
712,Vila Araci,Vila Formosa
713,Jardim Romano,Jardim Helena
714,Vila Polopoli,Rio Pequeno
715,Parque Amélia,Itaim Paulista
716,Jardim Lapena,São Mateus
718,Vila Rio Branco,Ponte Rasa
720,Vila Vidal,Penha
721,Vila Prado,Vila Sônia
723,Jardim Cunha Bueno,Jabaquara
724,Bairro do Limoeiro,Vila Jacuí
725,Vila São Silvestre,São Mateus
728,Jardim Adutora,Sapopemba
729,Jardim Cupecê,Cidade Ademar
730,Vila Heloísa,Jardim Ângela
731,Itaim de Parelheiros,Parelheiros
732,Parque Rodrigues Alves,Tucuruvi
733,Parque São Luís,Freguesia do Ó
734,Jardim Promissão,Santo Amaro
735,Jardim Santos Dumont,Rio Pequeno
736,Jardim Flores,Jardim São Luís
737,Jardim Metropolitano,Jabaquara
739,Vila da Saúde,Jabaquara
740,Vila Nair,Cursino
741,Vila Guedes,São Domingos
742,Jardim Vista Alegre,Brasilândia
743,Jardim Record,Aricanduva
744,Catumbi,Belém
745,Água Branca,Barra Funda
746,Vila Mendes,São Lucas
747,Jardim Samambaia,Cidade Dutra
748,Jardim Novo Lar,Grajaú
749,Vila Cruzeiro do Sul,Saúde
750,Jardim Beatriz,Cidade Dutra
753,Conjunto Habitacional Barro Branco I,Cidade Tiradentes
754,Casa Verde Média,Casa Verde
755,Vila Santa Clara,Água Rasa
756,Jardim Elisa Maria,Brasilândia
757,Jardim Egle,São Mateus
758,Vila Pereira Cerca,Pirituba
759,Jardim Silva Teles,Vila Curuçá
760,Vila Rabelo,Santana
761,Guaiaúna,Penha
762,Vila Nossa Senhora Aparecida,Pirituba
763,Conjunto Encosta Norte,Itaim Paulista
764,Jardim São Benedito,Cidade Dutra
766,Jardim das Acácias,Itaim Bibi
767,Itaquera,Itaquera
768,Cidade São Francisco,Rio Pequeno
769,Cerqueira César,Jardim Paulista
771,Vila Quaquá,Sacomã
772,Jardim Santa Mônica,Pirituba
773,Conjunto Promorar Raposo Tavares,Raposo Tavares
774,Vila Ernesto,Vila Andrade
775,Jardim Cidália,Cidade Ademar
776,Vila Cristina,Sacomã
777,Parque Vila Maria,Vila Maria
778,Chácara São Silvestre,Parelheiros
779,Vila Gomes,Butantã
780,Vila Progresso,Cidade Dutra
784,Vila Central,São Lucas
785,Conjunto Habitacional Cintra Gordinho,Vila Prudente
786,Capela do Socorro,Socorro
787,Jardim Los Angeles,Cidade Ademar
788,Jardim São Mateus,Campo Limpo
789,Jardim Avelino,Vila Prudente
790,Vila Eliete,Mandaqui
791,Vila Homero,Jaraguá
792,Vila Popular,Guaianases
793,Jardim Leme,Campo Limpo
794,Jardim Mália II,Cidade Dutra
795,Imirim,Santana
796,Vila Embira,Aricanduva
797,Lapa de Baixo,Lapa
798,Vila Ré,Penha
799,Lar São Paulo,Vila Sônia
800,Parque Sevilha,Itaquera
802,Piraporinha,Jardim São Luís
803,Jardim Azano I,Tremembé
804,Vila do Bosque,Saúde
805,Jardim Caxingui,Butantã
806,Jardim Duprat,Jardim São Luís
807,Jardim Bélgica,Campo Grande
808,Brás,Brás
809,Vila Anadir,São Lucas
810,Vila Noca,Campo Belo
811,Cidade Nova São Miguel,São Mateus
813,Jardim Prestes Maia,Campo Limpo
814,Três Cruzes,Tremembé
815,Jardim Almeida Prado,Grajaú
816,Vila Olinda,Aricanduva
817,Vila Canero,Belém
818,Jardim Damasceno,Brasilândia
819,Vila Maracanã,Jardim São Luís
820,Residencial Sol Nascente 3,Anhanguera
821,Jardim Recanto do Sol,Grajaú
822,Jardim Paraíso,Mandaqui
823,Jardim Vergueiro,Jardim São Luís
824,Jardim Avenida,Capão Redondo
825,Jardim Maria Duarte,Campo Limpo
826,Vila Pizzotti,Vila Guilherme
827,Vila Mazzei,Tucuruvi
828,Vila Júlio César,Freguesia do Ó
829,Vila Palmas,Vila Andrade
830,Jardim São José,Pirituba
832,Jardim Previdência,Cursino
834,Jaçanã,Jaçanã
835,Jardim Riviera,Jardim São Luís
836,Jardim Bonito,Cidade Dutra
837,Jardim Santo Antônio do Cursino,Sacomã
838,Chácara Dona Olívia,Itaim Paulista
839,Jardim Cambará,Raposo Tavares
840,Paraisópolis,Vila Andrade
841,Jardim Bom Clima,Jabaquara
842,Jardim Vila Rica,Jabaquara
843,Vila Jabaquara,Jabaquara
844,Parque Industrial Tomas Edson,Barra Funda
845,Vila Nova Caledônia,Cidade Ademar
846,Vila Brasílio Machado,Cursino
847,Jardim Nelly,Rio Pequeno
848,Jardim Gilda Maria,Raposo Tavares
849,Vila Vasconcelos,Rio Pequeno
850,Jardim Sipramar,Grajaú
851,Jardim Primavera,Cidade Dutra
853,Jardim Lajeado,São Mateus
854,Vila Feliz,Penha
855,Parque Residencial Júlia,Campo Grande
856,Jardim Edith,Cidade Dutra
857,Vila Santista,Limão
858,Chácara Japonesa,Santo Amaro
859,Jardim Maria do Carmo,Vila Sônia
860,Jardim Zoológico,Jaraguá
861,Jardim Maringa,Cidade Dutra
862,Jardim Nair,Jardim São Luís
865,Santa Etelvina,Cidade Tiradentes
866,Jardim Nardini,São Domingos
867,Sapopemba,Jardim Ângela
868,Toca do Tatu,Grajaú
869,Parque Maria Fernanda,Parelheiros
870,Vila Jaguaré,Jaguaré
871,Vila Clara,Cidade Ademar
874,Jardim Vila Mariana,Vila Mariana
875,Parque Guarani,Itaquera
876,Vila Gumercindo,Cursino
877,Jardim Cordeiro,Santo Amaro
878,Jardim Marabá,Parque do Carmo
880,Chácara Pouso Alegre,Santo Amaro
881,Vila Borges,Raposo Tavares
882,Brooklin Paulista,Campo Belo
883,Vila Friburgo,Socorro
884,Vila Cachoeira,Tucuruvi
885,Vila Ida,Alto de Pinheiros
886,Jardim Kika,Cidade Dutra
887,Jardim Uirapuru,Raposo Tavares
888,Vila Dona Augusta,Tremembé
889,Vila Mirim,Ponte Rasa
890,Vila Leme,Água Rasa
891,Vila Cordeiro,Itaim Bibi
892,Pérola Vitória,Cidade Tiradentes
893,Chácara Flora,Santo Amaro
894,Vila Santa Teresinha,Tucuruvi
895,Jardim Joamar,Tremembé
896,Parque Santa Rita,Vila Curuçá
897,Piqueri,Pirituba
898,Jardim Ligia,Alto de Pinheiros
899,Jardim Ellus,Grajaú
900,Jardim Nova Guaianases,Lajeado
901,Parque Rebouças,Campo Limpo
902,Jardim Samara,Grajaú
904,Vila Belo Horizonte,Cangaíba
905,Jardim Itatiáia,Grajaú
906,Parque Dom João Neri,Vila Curuçá
907,Jardim Consórcio,Campo Grande
908,Jardim Recanto Verde,Tremembé
909,Jardim dos Jacarandás,Alto de Pinheiros
910,Vila Maringá,Capão Redondo
911,Vila Maria Amália,Penha
912,Jardim Azano II,Tremembé
913,Jardim dos Ipês,Vila Curuçá
914,Jardim Jordanópolis,Cidade Dutra
915,Jardim da Campina,Campo Grande
916,Vila Paulina,Água Rasa
917,Parque Boa Esperança,Iguatemi
918,Jardim Sônia Inga,Capão Redondo
919,Jardim Colonial,Cidade Dutra
920,Vila Alóis,Vila Prudente
921,Jardim Regina,Sapopemba
922,Jardim Itatinga,Mandaqui
923,Jardim Santa Rita,Cidade Dutra
924,Jardim da Glória,Vila Mariana
925,Vila Moinho Velho,Sacomã
927,Jardim Rio Pequeno,Rio Pequeno
928,Vila Maria Eugênia,São Domingos
929,Jardim Belcito,Grajaú
930,Vila Esther,Rio Pequeno
931,Parque Morro Doce,Anhanguera
932,Jardim Glória,Vila Mariana
933,Parque São Miguel,Grajaú
934,Barragem,Parelheiros
935,Jardim Tanay,Grajaú
936,Bosque da Saúde,Cursino
937,Jardim Itamaraty,Campo Limpo
938,Jardim Scaff,Jabaquara
939,Vila Santa Inês,Vila Jacuí
940,Jardim Benfica,Itaim Paulista
941,Rio Bonito,Cidade Dutra
942,Jardim Cleide,Itaquera
943,Aricanduva,Aricanduva
944,Anhanguera,Anhanguera
945,Jardim Monte Kemel,Vila Sônia
946,Vila Tramontano,Morumbi
947,Parque Manacá,Grajaú
948,Jardim Ana Rosa,Sapopemba
949,Vila Piracicaba,Jardim Helena
950,Vila Albano,Vila Sônia
951,Parque Vitória,Tucuruvi
952,Vila Irmãos Arnoni,Tremembé
953,Jardim Sandra,Capão Redondo
954,Cidade Luz,Grajaú
955,Jardim Pedra Branca,José Bonifácio
956,Vila Zat,Pirituba
957,Jaguaré,Jaguaré
958,Parque Tamari,Parelheiros
959,Vila Itaim,Itaim Paulista
961,Jardim Francisco Mendes,Tremembé
962,Vila Palmeira,Freguesia do Ó
963,Saúde,Saúde
964,Vila Boaçava,Pirituba
965,Vila Fanton,Perus
966,Vila Londrina,Cangaíba
967,Jardim Mônica,Capão Redondo
968,Vila Ribeiro dos Santos,Ponte Rasa
969,Parque Doroteia,Pedreira
970,Terceira Divisão de Interlagos,Cidade Dutra
971,Jardim Maria Antônia,Mandaqui
972,Parque São Rafael,São Rafael
973,Jardim Britânia,Anhanguera
974,Vila Mesquita,Cangaíba
975,Jardim Aladim,Parelheiros
976,Jardim da Laranjeira,Iguatemi
977,Jardim Mália I,Cidade Dutra
978,Jardim São Gilberto,Butantã
979,Vila Corberi,Itaquera
980,Jardim Nossa Senhora do Carmo,Parque do Carmo
981,Usina Piratininga,Campo Grande
982,Jardim Eunice,Vila Sônia
983,Canindé,Pari
984,Vila Invernada,Rio Pequeno
986,Jardim Vaz de Lima,Jardim São Luís
987,Jardim Olinda,Campo Limpo
988,Jardim Parque Morumbi,Vila Andrade
989,Vila Zulmira,São Domingos
990,Sitio Conceição,Cidade Tiradentes
991,Vila Matias,Santana
993,Vila Espanhola,Limão
994,Sacomã,Sacomã
995,Jardim do Castelo,Cangaíba
996,Vila Vera,Sacomã
999,Sítio Represa,Parelheiros
1000,Jardim Laone,Ponte Rasa
1001,Conjunto Haddad,Vila Leopoldina
1002,Jardim Rêgis,Cidade Dutra
1003,Jardim Santa Josefina,Jardim São Luís
1004,Cidade Satélite Santa Bárbara,São Mateus
1005,Parque Recreio,Ponte Rasa
1006,Jardim Myrna II,Grajaú
1007,Jardim Cinco de Julho,São Mateus
1008,Vila Granada,Penha
1009,Jardim Quarto Centenário,Cidade Dutra
1010,Jardim Marco Paulo,Jardim São Luís
1011,Gráficos,Cidade Tiradentes
1012,Jardim Ideal,Jardim Helena
1013,Conjunto da Paz,Lajeado
1014,Vila Salvador Romeu,Vila Guilherme
1015,Vila Acre,Freguesia do Ó
1016,Jardim Maria Lúcia,Rio Pequeno
1017,Jardim Internacional,Santo Amaro
1018,Jardim Concórdia,Penha
1019,Jardim Luanda,Campo Grande
1020,Lajeado,Lajeado
1021,Vila Funchal,Itaim Bibi
1022,Jardim Aricanduva,Aricanduva
1023,Jardim Paqueta,Pirituba
1024,Parque Maria Luiza,Vila Formosa
1025,Jardim São Rafael,Cidade Dutra
1026,Vila Carmosina,Itaquera
1028,Mandaqui,Mandaqui
1029,Terceira Divisão,Iguatemi
1030,Vila Seabra,Jardim Helena
1031,Barra Três Poderes,Cidade Tiradentes
1032,Ipiranga,Ipiranga
1033,Jardim Perus,Perus
1034,Vila José Casa Grande,Santana
1035,Jardim Dânfer,Cangaíba
1036,Conjunto Residencial Sítio Oratório,Sapopemba
1037,Jardim São Carlos,Cidade Ademar
1040,Passagem Funda,Cidade Tiradentes
1041,Vila Itapeva,Pirituba
1042,Recanto dos Sonhos,Cidade Dutra
1043,Jardim Aimoré,Itaim Paulista
1044,Parque Alto do Rio Bonito,Cidade Dutra
1045,Jardim Reimberg,Grajaú
1046,Vila Prel,Jardim São Luís
1047,Jardim Albano,Capão Redondo
1048,Jardim Redil,Itaquera
1049,Vila Bonilha,Pirituba
1050,Jardim Clélia,Capão Redondo
1053,Ponte Pequena,Bom Retiro
1054,Vila Pirajussara,Campo Limpo
1055,Nascer do Sol,Cidade Tiradentes
1056,Jardim Clarice,Capão Redondo
1057,Cidade Líder,Cidade Líder
1058,Jardim Soares,Guaianases
1059,Jardim Carolina,Vila Curuçá
1060,Vila Zelina,Vila Prudente
1061,Vila Romana,Lapa
1062,Jardim Ana Maria,Brasilândia
1065,Sítio do Mandaqui,Casa Verde
1066,Jardim São Gabriel,Jardim Ângela
1067,Vila Arcádia,Freguesia do Ó
1068,Vila Benevente,Santana
1069,Jardim Hercília,Vila Matilde
1070,Parque Itaberaba,Freguesia do Ó
1071,Cantinho do Céu,Grajaú
1072,Jardim Tremembé,Tremembé
1073,Vila França,Campo Limpo
1074,Itaim,Itaim Bibi
1075,Parque Guedes,Ermelino Matarazzo
1076,Jardim Aurélia,Vila Mariana
1077,Parque Paulistinha,Cidade Dutra
1078,Água Fria,Santana
1079,Vila Santo Estéfano,Cursino
1080,Vila Conceição,Vila Curuçá
1081,Parque Continental,Jaguara
1082,Vila Alba,Rio Pequeno
1083,Jardim Aurélio,Capão Redondo
1084,Vila Raquel,São Mateus
1086,Jardim Laura,Itaim Paulista
1087,Jardim Esther,Rio Pequeno
1088,Jardim das Palmeiras,Parelheiros
1089,Tatuapé,Belém
1090,Vila Leopoldina,Água Rasa
1092,Prestes Maia,Cidade Tiradentes
1093,Jardim Nagib Salem,Jardim São Luís
1094,Jardim Leonor,Vila Sônia
1096,Chácara Vista Alegre,Jardim São Luís
1097,Vila Silva Teles,Itaim Paulista
1098,Chácara Santana,Jardim São Luís
1099,Jardim Pereira Leite,Limão
1100,Vila Augusto,Lapa
1101,Jardim Labitary,Grajaú
1102,Vila Facchini,Jabaquara
1104,Jardim Vivan,Jaraguá
1105,Brooklin Novo,Campo Belo
1106,Vila Renato,Jardim Ângela
1108,Casa Verde Alta,Casa Verde
1109,Parque Guaianases,Lajeado
1110,Jardim Patente,Sacomã
1111,Jardim dos Eucaliptos,Marsilac
1112,Jardim Luciana,Jardim Paulista
1113,Conjunto Promorar,Sapopemba
1114,Vila Marina,Freguesia do Ó
1115,Jardim Lúcia,Raposo Tavares
1116,Vila Nova Savoia,Vila Matilde
1117,Jardim Boa Esperança,Capão Redondo
1118,Jardim Anhanguera,Campo Grande
1120,Vila Dorna,Tremembé
1121,Sítio Canela Branca,Marsilac
1122,Granja Nossa Senhora Aparecida,Cidade Dutra
1123,Parque Anhembi,Santana
1124,Jardim Itaóca,Capão Redondo
1125,Vila Aimoré,Jardim Helena
1126,Vila Santa Lucrécia,Jaraguá
1127,Vila Ponte Rasa,Ponte Rasa
1128,Vila Bandeirantes,Casa Verde
1129,Jardim Adelaide,Itaquera
1130,Parque da Mooca,Mooca
1131,Jardim Floresta,Cidade Dutra
1132,Conjunto Habitacional Padre Manoel de Paiva,Artur Alvim
1133,Vila Sílvia,Cangaíba
1134,Vila Duarte,Pirituba
1135,Vila Virginia,Jardim Ângela
1136,Jardim Santa Cruz,Sacomã
1140,Itaberaba,Freguesia do Ó
1141,Jardim Arize,Cidade Líder
1142,Vila Maria Luísa,Limão
1143,Furnas,Tremembé
1144,Vila Argentina,Lapa
1145,Conjunto Habitacional Fazenda do Carmo,José Bonifácio
1146,Jurubatuba,Campo Grande
1147,Jardim Heliomar,Santo Amaro
1148,Vila Bozzini,Itaquera
1149,Vila Araguaia,Cangaíba
1150,Vila Castelo,Cidade Ademar
1151,Sítio Pinheirinho,São Lucas
1152,Jardim Olympia,Vila Sônia
1153,Jardim Maria Estela,Sacomã
1154,Jardim Everest,Morumbi
1155,Cidade Leonor,Jabaquara
1156,Jardim Arizona,Cangaíba
1157,Jardim Alviverde,Parelheiros
1158,Jardim Fernandes,Cidade Líder
1159,Jardim Samas,Grajaú
1160,Jardim Ana Lúcia,Cidade Dutra
1161,Favela Vila Nova Jaguaré,Jaguaré
1162,Jardim da Conquista,Perus
1163,Umarizal,Campo Limpo
1164,Jardim Nastari,Pedreira
1165,Residencial Morumbi,Campo Limpo
1166,Jardim João XXIII,Raposo Tavares
1167,Vila Nascente,Grajaú
1168,Jardim Pirajussara,Campo Limpo
1169,Jardim Brasil,Vila Medeiros
1172,Jardim das Esmeraldas,Raposo Tavares
1173,Parque Imperial,Saúde
1174,Conjunto Residencial Morumbi,Vila Sônia
1175,Vila Maria Zélia,Belém
1176,Vila Maluf,Penha
1177,Jardim Célia,Jardim Helena
1178,Jardim São João,Jaraguá
1185,Pacaembú,Consolação
1186,Jardim Três Corações,Grajaú
1187,Balneário São Francisco,Pedreira
1188,Maranhão,Tatuapé
1189,Ermelino Matarazzo,Ermelino Matarazzo
1190,Carrãozinho,São Rafael
1192,Vila Paulistania,Cangaíba
1193,Vila Lisboa,Socorro
1194,Casa Verde Baixa,Casa Verde
1195,Vila Jataí,Alto de Pinheiros
1196,Conjunto Habitacional Instituto Adventista,Capão Redondo
1197,Jardim Hebrom,Tremembé
1198,Jardim Paulistano,Pinheiros
1199,Jardim Guaraú,Raposo Tavares
1200,Parque Léo,Casa Verde
1201,Jardim Pedreira,Pedreira
1202,Vila Rancho Alegre,Perus
1203,Andaraí,Vila Maria
1204,Jardim Bronzato,Jardim São Luís
1205,Jardim Ricardo,Iguatemi
1206,Jardim Maracá,Capão Redondo
1207,Vila Nova Utinga,São Lucas
1208,Alto da Lapa,Lapa
1209,Jardim Império,Cidade Dutra
1210,Vila Agueda,Campo Grande
1211,Jardim das Praias,Cidade Dutra
1212,Jardim Vilas Boas,Cidade Ademar
1213,Parque Santa Amélia,Itaim Paulista
1214,Jardim Marcel,Cidade Dutra
1215,Parque da Lapa,Vila Leopoldina
1216,Vila Andes,Lajeado
1217,Jardim Novo Santo Amaro,Jardim São Luís
1218,Vila Nossa Senhora do Retiro,Pirituba
1219,Jardim Buriti,São Rafael
1220,Jardim Piauí,Jaguara
1221,Vila Pita,Cachoeirinha
1222,Vila Nova Paulicéia,São Lucas
1223,Vila Moreira,Tatuapé
1224,Jardim do Carmo,Campo Grande
1225,Parque Paiolzinho,Jardim São Luís
1226,Jardim Nadir,Campo Limpo
1227,Cidade Mãe do Céu,Tatuapé
1228,Residencial Sol Nascente 4,Anhanguera
1229,Jardim Shangrilá,Grajaú
1231,Jardim Jaçanã,Tremembé
1232,Vila Odete,Ponte Rasa
1233,Jardim Marilda,Grajaú
1234,Real Parque,Morumbi
1235,Vila Marte,Sacomã
1236,Vila Vitória,Jardim Helena
1237,Jardim Ormendina,Mandaqui
1238,Jardim São Jorge,Cidade Ademar
1240,Conjunto Habitacional Jardim São Bento,Capão Redondo
1241,Campos da Escolástica,Perdizes
1242,Jardim Melo,Cidade Ademar
1243,Jardim Helena,José Bonifácio
1244,Barra Funda,Barra Funda
1245,Vila Anchieta,Sacomã
1246,Parque Velloso,Vila Guilherme
1247,Carrão,Carrão
1248,Jardim Capelinha,Jardim São Luís
1249,Jardim Cidade Pirituba,Pirituba
1250,Conjunto Habitacional Padre Manoel da Nóbrega,Artur Alvim
1251,Jardim Campo de Fora,Capão Redondo
1252,Jardim Gondolo,Cangaíba
1253,Jardim Dom José,Capão Redondo
1255,Parque São José,Grajaú
1256,Jardim Caboré,Vila Sônia
1257,Parque Lituânia,Vila Prudente
1258,Sítio Morro Grande,Freguesia do Ó
1259,Riviera Paulista,Jardim São Luís
1260,Vila dos Remédios,Jaguara
1261,Vila Cristália,Sacomã
1262,Vila Norma,Vila Jacuí
1264,Vila Lúcia,Vila Prudente
1265,Jardim Rosalina,Cidade Dutra
1266,Santo Amaro,Santo Amaro
1267,Jardim Emília,Mandaqui
1268,Jardim Silveira,Água Rasa
1269,Jardim Kioto,Cidade Dutra
1270,Vila Santa Rita,Cidade Líder
1272,Jardim São Silvestre,Freguesia do Ó
1273,Jardim Camargo Novo,Itaim Paulista
1274,Chácara da Penha,Penha
1275,Jardim Matarazzo,Ermelino Matarazzo
1277,Vila Erna,Cidade Ademar
1278,Vila Santa Virginia,São Lucas
1279,Jardim Moreno,Lajeado
1280,Jardim Lourdes,Jabaquara
1281,Jardim Otília,Cangaíba
1282,Jardim Cardoso,Artur Alvim
1283,Jardim Represa,Cidade Dutra
1284,Ponte Grande,Bom Retiro
1285,Jardim Costa Pereira,Jabaquara
1286,Vila ABC,Guaianases
1287,Jardim Alva,Campo Grande
1288,Perus,Perus
1289,Parque Sônia,Capão Redondo
1291,Vila Sampaio,Ponte Rasa
1292,Valo Velho,Capão Redondo
1293,Jardim Apuana,Tremembé
1294,Jardim Dom Bosco,Santo Amaro
1295,Praia Azul,Jardim São Luís
1296,Vila Graciosa,Água Rasa
1297,Vila Aparecida Ivone,Jaguara
1298,Jardim Rincão,Jaraguá
1299,Chácara 6 de Outubro,Vila Matilde
1300,Cidade A.E. Carvalho,Artur Alvim
1301,Residencial Sol Nascente 1,Anhanguera
1302,Conjunto dos Bancários,Mandaqui
1303,Vila Nossa Senhora da Conceição,Jaraguá
1304,Chácara Pirajussara,Campo Limpo
1305,Parque das Paineiras,Artur Alvim
1306,Guacuri,Pedreira
1307,Parque das Flores,São Rafael
1308,Cipó do Meio,Grajaú
1309,Campo Limpo,Tremembé
1310,Parque Florestal,Parelheiros
1311,Jardim Ivone,Sapopemba
1312,Vila Bela,Vila Prudente
1313,Jardim Sabará,Campo Grande
1314,Vila Carolina,Itaim Paulista
1317,Jardim Ida Guedes,Itaim Paulista
1318,Jardim das Imbuias,Cidade Dutra
1319,Parque Regina,Campo Limpo
1320,Vila Santa Delfina,Freguesia do Ó
1321,Vila do Castelo,Campo Grande
1322,Jabaquara,Jabaquara
1323,Jardim Nice,Aricanduva
1324,Vila Curuçá,Vila Curuçá
1325,Jardim Mirna,Grajaú
1326,Vila Campestre,Jabaquara
1327,Jardim Christe,Butantã
1328,Vila Beatriz,Penha
1330,Parque Santana,Cidade Dutra
1331,Vila Nilo,Jaçanã
1332,Parque Cocaia,Grajaú
1333,Vila Elvira,Santo Amaro
1334,Vila Português,Freguesia do Ó
1335,Vila Mira,Jabaquara
1336,Jardim Sousa,Jardim São Luís
1337,Vila Nova Itaquera de Baixo,São Miguel Paulista
1338,Jardim Dinorah,Rio Pequeno
1339,Jardim Clei,Anhanguera
1340,Jardim Lar São Paulo,Vila Sônia
1341,Vila Nilva,Jaguara
1342,Vila Antônio,Rio Pequeno
1343,Jardim Fontalis,Tremembé
1344,Jardim Aparecida,Pedreira
1345,Recanto Paraíso,Perus
1346,Vila Elze,Jardim Ângela
1347,Vila do Encontro,Jabaquara
1348,Jardim Pérola II,Cidade Tiradentes
1349,Jardim Cliper,Cidade Dutra
1350,Vila Doutor Eiras,São Mateus
1352,Vila Alexandria,Campo Belo
1353,Vila Gil,José Bonifácio
1354,Jardim Colorado,São Rafael
1355,Jardim Marilu,Iguatemi
1356,Jardim Antártica,Cachoeirinha
1357,Vila Esmeralda,Tremembé
1358,Parque Vila Prudente,Vila Prudente
1359,Conjunto Habitacional José de Anchieta,Artur Alvim
1360,Parque Santo Antônio,Vila Formosa
1361,Parque Residencial Cocaia,Grajaú
1362,Jardim Quisisana,Vila Curuçá
1363,Parque Mandaqui,Mandaqui
1364,Jardim Itápolis,São Mateus
1365,Vila Império,Cidade Ademar
1366,Jardim Maria Amália,Parelheiros
1367,Vila Nova Granada,Penha
1368,Chácara Belenzinho,Vila Formosa
1369,Parque Paulistano,Jardim Helena
1370,Vila Nova Conceição,Moema
1371,Jardim Itacolomi,Jabaquara
1372,Vila Sol,Rio Pequeno
1373,Vila Sulina,Anhanguera
1374,Jardim Adhemar de Barros,Butantã
1375,Vila Bonilha Nova,Pirituba
1376,Jardim das Laranjeiras,Casa Verde
1377,Parque América,Grajaú
1378,Sítio Itaberaba I,Cidade Dutra
1379,Vila Palma,Iguatemi
1380,Vila Siqueira,Freguesia do Ó
1383,Cidade São Miguel,São Mateus
1385,Vila Roseira,Guaianases
1386,Vila Morumbi,Morumbi
1387,Parque Independência,Capão Redondo
1388,Cidade Monções,Itaim Bibi
1389,Jardim Novo Horizonte,Grajaú
1390,Jardim Paraguaçu,São Mateus
1391,Vila Carioca,Campo Limpo
1393,Jardim do Norte,Penha
1394,Perdizes,Perdizes
1395,Jardim Humaitá,Vila Leopoldina
1396,Jardim dos Estados,Santo Amaro
1397,Jardim Bartira,Vila Curuçá
1398,Vila Sofia,Campo Grande
1399,Jardim São Paulo Novo,Guaianases
1400,José Bonifácio,José Bonifácio
1401,Jardim Salinas,Grajaú
1402,República,República
1403,Parque Rio Pequeno,Rio Pequeno
1404,Jardim Rosemary,Vila Sônia
1405,Mercado,Brás
1406,Jardim Santa Inês,Mandaqui
1407,Fazenda Aricanduva,Cidade Líder
1408,Vila Nova Iorque,Vila Formosa
1409,Vila Palmeirinha,Vila Matilde
1410,Jardim Conquista,Iguatemi
1411,Vila Isolina,Vila Guilherme
1412,Fazenda Morumbi,Morumbi
1413,Jardim Laranjeiras,Parelheiros
1415,Jardim Neide,Jardim São Luís
1416,São Judas,Saúde
1417,Parque Tomas Saraiva,São Lucas
1418,Parque Santa Cecília,Cidade Dutra
1419,Jardim Jussara,Vila Sônia
1420,Jardim Sydney,Pirituba
1421,Vila Brasília,Grajaú
1422,Jardim Santa Maria,Vila Jacuí
1424,Jardim São Gonçalo,Iguatemi
1425,Jardim Santa Terezinha,Parelheiros
1428,Peninha,Jardim São Luís
1429,Jardim Amaralina,Raposo Tavares
1430,Jardim Diomar,Campo Grande
1431,Vila Missionária,Pedreira
1432,Jardim Monjolo,Freguesia do Ó
1433,Vila São José,Itaim Paulista
1438,Jardim Orly,Cidade Ademar
1439,Jardim Novo Parelheiros,Parelheiros
1440,Jardim VazaniL’Habitare,Vila Sônia
1441,Vila Suzana,Vila Andrade
1443,Jardim Pérola III,Cidade Tiradentes
1444,Vila Penteado,Brasilândia
1446,Vila Dom Pedro II,Tucuruvi
1447,Jardim Iguatemi,Iguatemi
1448,Vila Barra Funda,Barra Funda
1449,Pirajussara,Campo Limpo
1450,Jardim Caju,Ponte Rasa
1451,Jardim Nove de Julho,São Mateus
1452,Pinheiros,Pinheiros
1453,Mooca,Mooca
1454,Vila Marilena,Guaianases
1455,Marco de Meia Légua,Brás
1456,Vila São Luís,Rio Pequeno
1457,Jardim Capão Redondo,Capão Redondo
1458,Parada Quinze,Itaquera
1459,Colônia,Grajaú
1461,Vila Paiva,Vila Guilherme
1462,Chácara Itaim,Itaim Bibi
1463,Vila Minozi Imirim,Casa Verde
1464,Parque do Otero,Jardim São Luís
1465,Indianópolis,Moema
1466,Chácara Meyer,Cidade Dutra
1467,Jardim Fanganiello,Lajeado
1468,Jardim Adalgisa,Rio Pequeno
1469,Vila Michelina,Jardim São Luís
1470,Jardim Lídia,Capão Redondo
1471,Jardim Neila,Vila Medeiros
1472,Jardim Maninos,Mandaqui
1473,Jardim Dionísio,Sacomã
1474,Vila Alpina,Vila Prudente
1475,Parque Residencial Bandeirante,Capão Redondo
1476,Jardim Francisco,Jardim São Luís
1477,Vila Santa Maria,Capão Redondo
1479,Jardim Três Marias,Ponte Rasa
1481,Vila Dom Duarte Leopoldo,Cangaíba
1482,Vila Morse,Vila Sônia
1483,Chácara Paraíso,Água Rasa
1484,Cidade Satelite,Parelheiros
1485,Jardim Amália,Capão Redondo
1486,Vila Santo Antônio,Penha
1488,Luz,Santa Cecília
1490,Vila Santa Edwiges,Jaguara
1491,Jardim Anália Franco,Vila Formosa
1492,City Butantã,Butantã
1493,Vila Almeida,Campo Grande
1494,Jardim Marajoara,Campo Grande
1495,São Domingos,São Domingos
1496,Vila Vitório Mazzei,Mandaqui
1497,Jardim América da Penha,Penha
1498,Loteamento Vitória Régia,Perus
1499,Jardim Ramos de Freitas,Tremembé
1500,Vila Cruzeiro,Aricanduva
1502,Vila Rica,Cidade Ademar
1507,Jardim Jamaica,Campo Limpo
1508,Vila Arruda,Cangaíba
1509,Jardim Miriam,Itaim Paulista
1511,Cangaíba,Cangaíba
1512,Jardim Cláudia,Raposo Tavares
1513,Jardim Zaira,Cidade Ademar
1514,Jardim São Miguel,São Mateus
1516,Jardim Piquerobi,Vila Formosa
1517,Cidade Continental,São Lucas
1518,Lauzane Paulista,Mandaqui
1519,Jardim Noemia,Jardim Helena
1520,Jardim Eledy,Capão Redondo
1521,Parque Colonial,São Mateus
1522,Vila Barreira Grande,Jardim Ângela
1523,Vila Nova Cachoeirinha,Cachoeirinha
1524,Vila Marisbela,Limão
1525,Jardim Santa Adélia,São Mateus
1526,Jardim Russo,Perus
1527,Chácara Santo Amaro,Grajaú
1528,Vila Ramos,Rio Pequeno
1529,Chácara Jaraguá,Anhanguera
1530,Vila Chalot,Barra Funda
1531,Cidade Kemel,Itaim Paulista
1532,Bandeirantes,Sacomã
1533,Alto da Boa Vista,Santo Amaro
1534,Jardim Pérola,Cidade Tiradentes
1535,Morada do Sol,Anhanguera
1536,Vila Mauad,Cangaíba
1537,Jardim Elza,Itaim Paulista
1538,Vila Albertina,Tremembé
1539,Vila Paulistana,Tremembé
1541,Mirandópolis,Saúde
1542,Vila Santa Tereza,Sacomã
1543,Jardim Satélite,Cidade Dutra
1544,Bela Aliança,Lapa
1545,Jardim Indaiá,Itaim Paulista
1546,Vila Dionisia,Cachoeirinha
1547,Jardim Tupã,Socorro
1548,Jardim Vitória Régia,Vila Andrade
1549,Vila Aurora,Jaraguá
1552,Jardim Martinica,Campo Limpo
1553,Parque Novo Mundo,Vila Maria
1554,Jardim Marilena,Guaianases
1555,Jardim dos Pinheiros,Pirituba
1556,Vila Inah,Vila Sônia
1557,Vila Célia,Casa Verde
1558,Parque Pereira,São Lucas
1559,Jardim Nova Germânia,Capão Redondo
1560,Jardim Marpu,Guaianases
1561,Jardim Piratininga,Cangaíba
1562,Jardim Colombo,Vila Sônia
1563,Jardim Lallo,Cidade Dutra
1564,Vila Alteza,Campo Limpo
1565,Vila Escudeiro,Sacomã
1566,Jardim Santo Onofre,Ponte Rasa
1567,Vila Madalena,Pinheiros
1568,Conjunto Butantã,Jaguaré
1569,Cidade Ademar,Cidade Ademar
1570,Várzea da Barra Funda,Santa Cecília
1572,Parque Taipas,Jaraguá
1573,Jardim Arantes,Iguatemi
1574,Jardim Mimar,Sapopemba
1575,Vila Ana Rosa,Jaraguá
1576,Jardim Nélia,Itaim Paulista
1577,Vila Oratório,Água Rasa
1578,Jardim Ataliba Leonel,Tremembé
1579,Barra,Cidade Tiradentes
1580,Vila Medeiros,Vila Medeiros
1581,Jardim Harmonia,Cidade Ademar
1582,Vila Formosa,Vila Formosa
1583,São João Clímaco,Sacomã
1584,Vila Brasilina,Cursino
1586,Vila Romero,Mandaqui
1587,Dom Pedro I,Ipiranga
1588,Jardim Donária,Jaraguá
1589,Paineiras do Morumbi,Morumbi
1590,Jardim Tuã,Itaim Paulista
1591,Vila Santos,Mandaqui
1592,Parque Paineiras,Artur Alvim
1593,Vila Sônia,Vila Sônia
1594,Jardim São Bernardo,Grajaú
1595,Jardim Clímax,Sacomã
1596,Jardim Catanduva,Campo Limpo
1597,Jardim Jaú,Grajaú
1599,Vila Cruz das Almas,Freguesia do Ó
1600,Jardim Leila,Vila Sônia
1601,Vila Paulicéia,Santana
1602,Vila Cardoso Franco,Jardim Ângela
1603,Jaraguá,Jaraguá
1604,Vila Zélia,Santana
1605,Jardim Flórida Paulista,Jardim São Luís
1606,Jardim Aeroporto,Campo Belo
1607,Cidade Tiradentes,Cidade Tiradentes
1608,Jardim São Nicolau,Ponte Rasa
1609,Jardim Frugol,Ponte Rasa
1610,Núcleo Residencial Morro do Sabão,São Rafael
1611,Jardim Paris,Campo Limpo
1612,Vila Diva,Água Rasa
1614,Engenheiro Goulart,Cangaíba
1615,Jardim Vieira de Carvalho,Mandaqui
1616,Jardim Líder,Jaraguá
1617,Campos Elíseos,Santa Cecília
1618,Jardim Arpoador,Raposo Tavares
1619,Jardim Panorama,São Lucas
1621,Jardim Cachoeira,Freguesia do Ó
1622,Jardim Maria Augusta,Raposo Tavares
1623,São Luís,Jardim São Luís
1624,Jardim Sarah,Rio Pequeno
1625,Vila Cláudia,Mooca
1626,Jardim Rizzo,Butantã
1627,Vila Clarice,Pirituba
1628,Sítio da Figueira,Vila Prudente
1629,Vila Mariana,Vila Mariana
1630,Jardim Maria Nazaré,Tremembé
1631,Vila Madeiral,Rio Pequeno
1632,Cidade Nitro Química,Jardim Helena
1633,Jardim Nosso Lar,Cidade Ademar
1634,Jardim Jua,Campo Grande
1635,Capão Redondo,Capão Redondo
1636,Jardim Ipanema,Jaraguá
1641,Jardim Europa,Pinheiros
1642,Vila Haddad,Vila Prudente
1644,Jardim Macedônia,Capão Redondo
1645,Vila Olho D’Água,São Miguel Paulista
1646,Sítio Boa Vista,Alto de Pinheiros
1647,Vila Sinhá,São Mateus
1649,Jardim Helga,Campo Limpo
1650,Jardim Guiomar,Sapopemba
1651,Jardim Prudência,Cidade Ademar
1652,Jardim Alexandrina,Sapopemba
1653,Vila Libanesa,Cangaíba
1655,Parque Ipê,Raposo Tavares
1656,Centro,Sé
1657,Jardim Sabiá II,Grajaú
1658,Horto do Ipê,Campo Limpo
1659,Jardim São Remo,Grajaú
1660,Vila Margareth,Itaim Paulista
1661,Iguatemi,Iguatemi
1662,Vila Domitilia,Ponte Rasa
1663,Jardim Monte Verde,Cidade Tiradentes
1664,Jardim Paulo VI,Raposo Tavares
1665,Parque Panamericano,Jaraguá
1666,Vila Monte Santo,Vila Jacuí
1667,Jardim Mutinga,São Domingos
1668,Vila Malvina,Perus
1669,Jardim Lucinda,São Mateus
1671,Vila Cardoso,Freguesia do Ó
1672,Jardim dos Francos,Brasilândia
1673,Jardim Machado,Aricanduva
1674,Jardim dos Prados,Campo Grande
1675,Rolinópolis,Butantã
1677,Glicério,Liberdade
1678,Jardim Roseli,Iguatemi
1679,Vila Varanda,Jaguara
1680,Jardim Maria Luiza,Cidade Ademar
1683,Vila Chica Luisa,Anhanguera
1684,Jardim Triana,Vila Matilde
1685,Jardim Keralux,Ermelino Matarazzo
1686,Jardim Lucélia,Grajaú
1687,Vila Chavantes,São Mateus
1688,Vila Ford,Vila Sônia
1689,Vila Ipojuca,Lapa
1690,Urbanizadora,Perdizes
1691,Vila Carbone,Limão
1692,Vila Roque,Cachoeirinha
1693,Vila Hermínia,Freguesia do Ó
1694,Vila Esperança,Parelheiros
1696,Parque Peruche,Casa Verde
1697,Vila Mercedes,São Lucas
1698,Vila Costa Melo,Ponte Rasa
1699,Limoeiro,Itaquera
1700,Vila Buenos Aires,Cangaíba
1702,Belenzinho,Belém
1703,Vila Anália,Campo Limpo
1704,Jardim Iara,Vila Formosa
1705,Vila São Vicente,Freguesia do Ó
1708,Jardim da Divisa,Vila Formosa
1709,Parque Palmas do Tremembé,Tremembé
1710,Chácara Lagoinha,Grajaú
1711,Vila Lusitana,Tatuapé
1712,Jardim Alto Alegre,São Rafael
1714,Vila Santa Isabel,Carrão
1715,Vila Gustavo,Tucuruvi
1716,Parque do Morumbi,Vila Andrade
1717,Chácara São Luís,Santo Amaro
1718,Jardim Camargo Velho,Itaim Paulista
1719,Jardim Santo André,São Rafael
1720,Conjunto Habitacional Barro Branco II,Cidade Tiradentes
1721,Recanto Santo Antônio,Jardim São Luís
1722,Vila Nova Mazzei,Tremembé
1724,Vila Bancária,Jardim Ângela
1725,Vila Nova York,Aricanduva
1726,Vila Regina,Itaquera
1728,Bortolândia,Tremembé
1729,Jardim Olímpia,Vila Sônia
1731,Jardim luzitânia,Moema
1732,Sítio Areião,Perus
1733,Jardim Felicidade,Pirituba
1734,Jardim Bom Refúgio,Campo Limpo
1735,Jardim Santa Tereza,Grajaú
1736,Jardim Lorenzo,Cangaíba
1737,Jardim Bichinhos,Cidade Dutra
1738,Jardim Morganti,José Bonifácio
1739,Fazenda Na. Sa. do Carmo,Parque do Carmo
1740,Água Rasa,Água Rasa
1741,Sumarezinho,Pinheiros
1742,Ferreira,Vila Sônia
1743,Vila Neila,Itaim Paulista
1744,Vila Bela Aliança,Lapa
1745,Jardim Coimbra,Artur Alvim
1746,Recanto Alegre,Iguatemi
1747,Jardim Esther Yolanda,Rio Pequeno
1748,Vila Marcelo,Parelheiros
1749,Jardim Sul São Paulo,Jabaquara
1750,Vila Baby,Campo Grande
1751,P. Monteiro Soares,Freguesia do Ó
1752,Cidade Vargas,Jabaquara
1753,Vila Santana,Itaquera
1757,Cidade Industrial,Jaguaré
1758,Jardim Santa Fé,Grajaú
1760,Parada XV de Novembro,Itaquera
1761,Jardim Campinas,Grajaú
1762,Jardim Taboão,Vila Sônia
1763,Vila Aricanduva,Vila Matilde
1764,Jardim Patente Novo,Sacomã
1765,Jardim Monte Belo,Raposo Tavares
1766,Jardim Flávio,Cangaíba
1767,Parque Anhanguera,São Domingos
1770,Conjunto Habitacional Gleba do Pêssego,Parque do Carmo
1771,Jaceguava,Parelheiros
1772,Cidade Presidente Vargas,Jabaquara
1773,Pirituba,Pirituba
1774,Jardim São Lourenço,Jardim Ângela
1775,Jardim Guanhembu,Cidade Dutra
1776,Jardim Oriente,Vila Sônia
1777,Vila Danúbio Azul,São Mateus
1779,Vila Liberlândia,Freguesia do Ó
1780,Vila Picinin,Freguesia do Ó
1781,Capelinha,Capão Redondo
1782,Jardim São Martinho,Jabaquara
1784,Jardim Alzira,Sapopemba
1785,Santa Ifigênia,República
1786,Jardim do Campo,Lajeado
1787,Jardim Piracuama,Campo Limpo
1788,Interlagos,Socorro
1789,Vila Nova Jaraguá,Jaraguá
1790,Vila Frugoli,Ponte Rasa
1791,Vila São Francisco,Rio Pequeno
1793,Vila Miami,São Lucas
1794,Vila Itaberaba,Brasilândia
1795,Jardim Peri Novo,Cachoeirinha
1796,Vila Campo Belo,Vila Sônia
1797,Jardim Taipas,Jaraguá
1798,Jardim Palmares,Tremembé
1800,Jardim São Vicente,São Mateus
1801,Vila Capela,Cidade Ademar
1802,Vila Continental,Cachoeirinha
1803,Cidade Fim de Semana,Jardim São Luís
1804,Jardim São Bento Novo,Capão Redondo
1805,Jardim Sapopemba,Jardim Ângela
1806,Vila Socorro,Socorro
1807,Jardim Iracema,Campo Limpo
1808,Vila Fidalgo,Tremembé
1809,Cidade Nitro Operária,São Mateus
1811,Jardim Jabaquara,Jabaquara
1812,Jardim Monte Azul,Jardim São Luís
1813,Jardim São Luís,Itaim Paulista
1816,Vila Quintana,Cidade Dutra
1817,Vila Narciso,Grajaú
1818,Vila Nova Jaguara,Jaguara
1819,Vila Gomes Cardim,Tatuapé
1820,Jardim Uberaba,Cidade Ademar
1821,Jardim Jaqueline,Vila Sônia
1822,Jardim Nova Tereza,Grajaú
1823,Vila Pirituba,Pirituba
1824,Chácara Santo Hubertus,Parelheiros
1825,Cambuci,Cambuci
1826,Vila Reis,Vila Jacuí
1827,Jardim Niteroi,Cidade Ademar
1828,Cupecê,Cidade Ademar
1829,Vila Parque Jabaquara,Jabaquara
1830,Vila Santa Luzia,Santana
1831,Alto de Pinheiros,Alto de Pinheiros
1832,São Mateus,São Mateus
1833,Vila Jaraguá,Anhanguera
1834,Vila Dona Sara,Aricanduva
1835,Alto do Ipiranga,Ipiranga
1836,Vila Miriam,Freguesia do Ó
1837,Jardim Lisboa,Ponte Rasa
1838,Jardim Sidnei,Pirituba
1839,Jardim Teresa,São Lucas
1840,Água Funda,Cursino
1841,Jardim Trussardi,Vila Sônia
1842,Jardim Itapemirim,Itaquera
1843,Jardim Norma,Itaquera
1844,Vila Hungaresa,Perus
1845,Jardim Madalena,Capão Redondo
1846,Jardim Modelo,Capão Redondo
1848,Jardim Nossa Senhora Aparecida,Grajaú
1849,Grajaú,Grajaú
1850,Vila Fukuya,Lajeado
1851,Vila Portugal,Pirituba
1852,Palanque,Iguatemi
1853,Bororé,Grajaú
1854,Parque Residencial Oratório,São Lucas
1855,Vila Dalila,Vila Matilde
1856,Jardim Santa Francisca,Grajaú
1857,Vila Bela do Sapopemba,Jardim Ângela
1858,Vila Pedrosa,Tucuruvi
1859,Jardim Londrina,Vila Sônia
1860,Jardim Assunção,Vila Matilde
1861,Panambi,Vila Andrade
1862,Jardim Educandário,Raposo Tavares
1863,Vila Iório,Freguesia do Ó
1864,Chácara,Belém
1865,Jardim Limoeiro,Iguatemi
1866,Vila Maria Augusta,Raposo Tavares
1867,Vila Rosária,São Mateus
1869,Vila das Belezas,Capão Redondo
1870,Jardim Tietê,São Mateus
1871,Vila Carlina,Lapa
1872,Jardim São José;,São Mateus
1873,Chácara Monte Alegre,Santo Amaro
1874,Parque São Lucas,São Lucas
1875,Jardim Cimobil,Jaguara
1876,Residencial Sol Nascente 2,Anhanguera
1877,Jardim Elisa,Campo Limpo
1878,Jardim Recanto das Rosas,Vila Formosa
1879,Vila Minerva,Lajeado
1880,Parque Alves de Lima,Jardim São Luís
1881,Parque Brasil,Grajaú
1882,Bom Retiro,Bom Retiro
1883,Parque Maria Helena,Capão Redondo
1884,Vila Graziela,Jaguaré
1885,Jardim Thomaz,Jardim São Luís
1886,Parque da Vila Prudente,Vila Prudente
1887,Jardim Bonfiglioli,Butantã
1888,Parque Jardim Mirassol,Campo Limpo
1889,Alto da Pari,Pari
1890,Jardim Ipê,Capão Redondo
1891,Cidade Patriarca,Vila Matilde
1892,Parque Bairro do Morumbi,Vila Andrade
1893,Jardim Haia do Carrão,Aricanduva
1894,N. Senhora do Ó,Freguesia do Ó
1895,Guaianases,Guaianases
1896,Vila Americana,São Mateus
1898,Vila Gea,Campo Grande
1899,Jardim Guanabara,Cidade Dutra
1900,Itaim Paulista,Itaim Paulista
1901,Sítio do Piqueri,Tremembé
1902,Itupu,Jardim São Luís
1903,Guarapiranga,Jardim São Luís
1904,Jardim Ibitirama,Vila Prudente
1905,Jardim Cotinha,Ponte Rasa
1906,Vila Fernando,Cangaíba
1907,Chácara Domilice,Freguesia do Ó
1908,Vila Universitária,Rio Pequeno
1909,Chácara Mafalda,Água Rasa
1910,Jardim Zilda,Grajaú
1911,Jardim Janiópolis,Capão Redondo
1913,Jardim São Roque,Campo Limpo
1914,Parque Residencial dos Lagos,Grajaú
1915,Jardim Edi,Grajaú
1916,Jardim Santa Edwiges,Jardim São Luís
1917,Jardim Figueira,Vila Prudente
1918,Quinta da Paineira,Vila Prudente
1919,Jardim Santo Eduardo,Aricanduva
1920,Ponte Rasa,Ponte Rasa
1921,Jardim Dracena,Raposo Tavares
1922,Jardim Adélia,Freguesia do Ó
1923,Vila Pierina,Cangaíba
1924,Jardim Santo Amaro,Santo Amaro
1925,Vila dos Ferroviários,Barra Funda
1926,Vila Canaã,Jabaquara
1927,Jardim das Camélias,Cidade Dutra
1929,Vila Luísa,Tatuapé
1931,Lapa,Lapa
1932,Jardim Germânia,Jardim São Luís
1933,Vila Simone,Vila Curuçá
1934,Jardim Nordeste,Artur Alvim
1935,Vila Marisa Mazzei,Santana
1936,Quarta Parada,Belém
1937,Jardim de Lorenzo,Cangaíba
1938,Zavuvus,Pedreira
1939,Várzea do Glicério Vila Deodoro,Cambuci
1940,Jardim Lúcio de Castro,Raposo Tavares
1941,Vila São Pedro,Campo Grande
1942,Olaria,Vila Prudente
1943,Parque São Jorge,Tatuapé
1944,Jardim Rosinha,Anhanguera
1945,Jardim Maria Rita,Cidade Dutra
1946,Jardim Novo Carrão,Vila Formosa
1947,Jardim Rosa Maria,Raposo Tavares
1948,Vila Monte Alegre,Saúde
1949,Liberdade,Liberdade
1950,Vila Basileia,Mandaqui
1951,Jardim das Palmas,Vila Sônia
1952,Vila Chabilândia,Lajeado
1953,Jardim São Joaquim,Jardim São Luís
1954,Jardim Cristália,Jardim São Luís
1955,Jardim Rebouças,Vila Sônia
1956,Jardim Marcelo,Campo Limpo
1957,Vila Butantã,Rio Pequeno
1958,Jardim Santa Francisca Cabrini,Grajaú
1959,Jardim Jurema,Aricanduva
1960,Vila Bauab,Ponte Rasa
1961,Vila Hamburguesa,Água Rasa
1963,Jardim Atlântico,Capão Redondo
1964,Jardim do Colégio,Capão Redondo
1966,Jardim dos Manacás,Grajaú
1967,Vila Antonina,Vila Formosa
1968,Chácara Cocaia,Grajaú
1969,Jardim Campo Belo,Parelheiros
1970,Vila Rosa,Tremembé
1971,Vila Savoy,Cidade Líder
1972,Parque Artur Alvim,Artur Alvim
1973,Parque Flamengo,Campo Limpo
1974,Jardim Soraia,Ponte Rasa
1975,Vila Verde,Itaquera
1976,Vila Iolanda,Lajeado
1977,Vila São Maurício,Vila Prudente
1978,Jardim Orion,Cidade Dutra
1979,Campo Belo,Campo Belo
1980,Vila Indiana,Butantã
1981,Jardim Santa Helena,Socorro
1982,Jardim Hípico,Santo Amaro
1983,Jardim Eliane,Cidade Líder
1984,Jardim Rúbio,Raposo Tavares
1985,Jardim Vila Formosa,Aricanduva
1986,Vila Nova Manchester,Carrão
1987,Jardim do Tiro,Brasilândia
1988,Parque Císper,Cangaíba
1989,Jardim Vieira,Jaguara
1990,Jardim Cristal,Cidade Dutra
1991,Jardim Herplin,Parelheiros
1992,Jardim Dayse,Tremembé
1993,Jardim Ibirapuera,Jardim São Luís
1994,Jardim São Francisco de Assis,Jardim São Luís
1995,Jardim Dulce,Jardim São Luís
1996,Vila Nitro Operária,São Mateus
1997,Vila Ede,Vila Medeiros
1998,Vila Eliana,Jaraguá
1999,Sete Praias,Pedreira
2000,Vila Nova Alba,Rio Pequeno
2001,Parque Primavera,Pedreira
2002,Jardim Alpino,Cidade Dutra
2003,Vila Santa Cruz,Guaianases
2005,Vila Lourdes,Lajeado
2006,Chácara Três Caravelas,Jardim São Luís
2007,Jardim Novo Taboão,Vila Sônia
2008,Jardim Jaraguá,Itaim Paulista
2011,Jardim Souza Ramos,Cidade Tiradentes
2012,Jardim Valquiria,Capão Redondo
2014,Vila Guacuri,Pedreira
2015,Altos de Vila Prudente,Vila Prudente
2016,Jardim Mirante,Jardim São Luís
2017,Vila Taquari,Itaquera
2018,Jardim das Graças,Limão
2019,Jardim São Cristóvão,São Mateus
2020,São Miguel Paulista,São Mateus
2022,Vila Sirene,Jardim Ângela
2023,Vila Antenor,Cangaíba
2024,P. Morro Grande,Freguesia do Ó
2025,Recanto Marisa,Grajaú
2026,Jardim Lilah,Capão Redondo
2027,Vila Califórnia,Vila Prudente
2028,Jardim Antonieta,Aricanduva
2029,Vila Parque São Luís,Freguesia do Ó
2030,Jardim São Pedro,Grajaú
2032,Jardim São Raimundo,Cidade Tiradentes
2033,Chácara do Encosto,Mandaqui
2034,Freguesia do Ó,Freguesia do Ó
2035,Vila Buarque,República
2036,Paraíso do Morumbi,Vila Andrade
2038,Parque Líbano,Cangaíba
2039,Ferroviários,Cidade Tiradentes
2040,Vila Guaraciaba,Cangaíba
2041,Jardim do Russo,Perus
2042,Vila Mara,Jardim Helena
2043,Jardim Santa Marcelina,Parque do Carmo
2044,Jardim Mangalot,São Domingos
2045,Jardim Peri Alto,Cachoeirinha
2046,Vila Curuçá Velha,Vila Curuçá
2047,Jardim Leônidas Moreira,Campo Limpo
2048,Jardim Redenção,São Lucas
2049,Vila Falconi,Aricanduva
2050,Vila Inglesa,Cidade Ademar
2051,Jardim Julieta,Rio Pequeno
2052,Vila Aparecida,São Miguel Paulista
2053,Parque Vera Cruz,Capão Redondo
2054,Vila Solange,Guaianases
2055,Parque Bristol,Sacomã
2056,Jardim Gilberto,Rio Pequeno
2057,Santa Cecília,Santa Cecília
2058,Jardim Teália,São Lucas
2059,Embura,Parelheiros
2060,Jardim Cibele,José Bonifácio
2061,Conjunto Residencial Jardim Canaã,Anhanguera
2062,Jardim Jordão,José Bonifácio
2063,Vila Valdemar,Itaim Paulista
2064,Parque Industrial São Lourenço,São Mateus
2065,Americanópolis,Cidade Ademar
2067,Vila Cavaton,Freguesia do Ó
2068,Jardim Maria Fernandes,Parelheiros
2069,City América,São Domingos
2070,Vila Melo,Itaim Paulista
2071,Vila Isa,Campo Grande
2072,Educandário,Raposo Tavares
2073,Jardim Independência,Sacomã
2075,Chácara Três Meninas,Jardim Helena
2076,Vila Anhanguera,Campo Grande
2077,Jardim Luiza,Raposo Tavares
2078,Vila Charlote,Barra Funda
2079,Conjunto Habitacional Teotônio Vilela,Sapopemba
2080,Jardim Senice,Vila Maria
2081,Jardim Eva,Itaim Paulista
2082,Jardim Cedro do Líbano,Santo Amaro
2083,Jardim Pirituba,Jaraguá
2084,Jardim Elian,Parque do Carmo
2085,Jardim Elizabeth,Campo Limpo
2086,Vila Dalva,Rio Pequeno
2087,Nova Piraju,Campo Belo
2088,Vila São Geraldo,Penha
2090,Jardim da Coroa,Vila Guilherme
2091,Vila Santa Teresa,Artur Alvim
2093,Jardim Verônia,Ermelino Matarazzo
2094,Jardim Maia,Jardim Helena
2095,Jardim Liderança,Itaquera
2096,Jardim Corisco,Tremembé
2097,Vila Gertrudes,Itaim Bibi
2098,Vila Amália,Cachoeirinha
2099,São Salvador,Cursino
2100,Jardim Edilene,Cidade Dutra
2101,Vila Guarani,Jabaquara
2103,Jardim Augusta,Lajeado
2104,Jardim São Ricardo,Vila Leopoldina
2105,Vila Santo Henrique,Cangaíba
2106,Cidade Auxiliadora,Capão Redondo
2107,Jardim Rio Bonito,Cidade Dutra
2108,Jardim Gianetti,Lajeado
2109,Vila Belezas,Jardim São Luís
2110,Vila Síria,Itaquera
2111,Jardim Guannan,Vila Formosa
2112,Vila Mafra,Aricanduva
2113,Jardim Apurá,Pedreira
2114,Vila Primavera,Jardim Ângela
2116,Vila Mirante,Pirituba
2117,Jardim Borba Gato,Grajaú
2118,Jardim São Januário,Campo Limpo
2119,Jardim Margarida,Jardim Helena
2120,Vila Jurema,Itaim Paulista
2121,Vila Comercial,Pirituba
2122,Vila Romano,Sacomã
2123,Vila São Carlos,Vila Prudente
2124,Praia Leblon,Pedreira
2125,Jardim Campos,Lajeado
2127,Jardim Pedro José Nunes,Vila Jacuí
2128,Parque Santa Madalena,Jardim Ângela
2129,Vila Jacuí,Vila Jacuí
2131,Paraíso,Vila Mariana
2133,Vila Arriete,Campo Grande
2134,Jardim Alvina,Jaraguá
2135,Vila Salete,Penha
2136,Jardim Vitória,Pirituba
